{"Mean":{"confidence_interval":{"confidence_level":0.95,"lower_bound":537697.2221316085,"upper_bound":597873.9513779528},"point_estimate":567357.2975253093,"standard_error":15406.033363719318},"Median":{"confidence_interval":{"confidence_level":0.95,"lower_bound":518671.062992126,"upper_bound":609269.4881889764},"point_estimate":566045.2080989876,"standard_error":20751.01951502206},"MedianAbsDev":{"confidence_interval":{"confidence_level":0.95,"lower_bound":14200.856204577303,"upper_bound":90438.01469361686},"point_estimate":57543.41147840023,"standard_error":20447.57707040061},"Slope":{"confidence_interval":{"confidence_level":0.95,"lower_bound":512110.4047470685,"upper_bound":572530.7483366905},"point_estimate":532323.6363636364,"standard_error":15418.6575345282},"StdDev":{"confidence_interval":{"confidence_level":0.95,"lower_bound":29849.763890797112,"upper_bound":63790.28731684314},"point_estimate":51424.69268346916,"standard_error":8806.363209933721}}