{"Mean":{"confidence_interval":{"confidence_level":0.95,"lower_bound":55191581.43333334,"upper_bound":90467095.0},"point_estimate":68092480.66666666,"standard_error":10261153.908861415},"Median":{"confidence_interval":{"confidence_level":0.95,"lower_bound":53449685.0,"upper_bound":65045900.0},"point_estimate":56477395.83333333,"standard_error":3961519.401019055},"MedianAbsDev":{"confidence_interval":{"confidence_level":0.95,"lower_bound":578829.2687237263,"upper_bound":13174702.125102282},"point_estimate":4565682.680442922,"standard_error":4422460.679663487},"Slope":{"confidence_interval":{"confidence_level":0.95,"lower_bound":54003485.603781514,"upper_bound":62953605.78273508},"point_estimate":57705292.20779221,"standard_error":2312984.031702697},"StdDev":{"confidence_interval":{"confidence_level":0.95,"lower_bound":2856914.4117824673,"upper_bound":52468498.59087942},"point_estimate":34140660.33417853,"standard_error":17396390.961524773}}