{"Mean":{"confidence_interval":{"confidence_level":0.95,"lower_bound":32699438.0,"upper_bound":36260973.440476194},"point_estimate":34515001.31349206,"standard_error":915141.1057741077},"Median":{"confidence_interval":{"confidence_level":0.95,"lower_bound":32293750.0,"upper_bound":37457330.0},"point_estimate":34445447.222222224,"standard_error":1499766.875502573},"MedianAbsDev":{"confidence_interval":{"confidence_level":0.95,"lower_bound":349708.26879143715,"upper_bound":5153814.028501511},"point_estimate":3465425.060143076,"standard_error":1232946.2782516228},"Slope":{"confidence_interval":{"confidence_level":0.95,"lower_bound":34432949.419642866,"upper_bound":37348259.67213115},"point_estimate":36318427.01298701,"standard_error":750938.8163890515},"StdDev":{"confidence_interval":{"confidence_level":0.95,"lower_bound":1883367.0526348525,"upper_bound":3787831.95130965},"point_estimate":3060531.4153644536,"standard_error":499566.9646894566}}