{"Mean":{"confidence_interval":{"confidence_level":0.95,"lower_bound":10350369.818008786,"upper_bound":10385429.249081632},"point_estimate":10366138.131740363,"standard_error":9002.140111168912},"Median":{"confidence_interval":{"confidence_level":0.95,"lower_bound":10349071.478571428,"upper_bound":10382917.285714285},"point_estimate":10350359.660714285,"standard_error":9666.359537656788},"MedianAbsDev":{"confidence_interval":{"confidence_level":0.95,"lower_bound":463.76021343144475,"upper_bound":44212.31880793141},"point_estimate":6268.85628870654,"standard_error":12036.909249522623},"Slope":{"confidence_interval":{"confidence_level":0.95,"lower_bound":10346374.25083612,"upper_bound":10401608.720523918},"point_estimate":10375394.416697588,"standard_error":14426.168093644052},"StdDev":{"confidence_interval":{"confidence_level":0.95,"lower_bound":5832.879495933206,"upper_bound":40622.4958455601},"point_estimate":30038.600736200537,"standard_error":8501.959893095574}}