{"Mean":{"confidence_interval":{"confidence_level":0.95,"lower_bound":5275915.185019841,"upper_bound":6202291.544014551},"point_estimate":5665183.830026455,"standard_error":241441.5890911431},"Median":{"confidence_interval":{"confidence_level":0.95,"lower_bound":5200376.851851852,"upper_bound":5939031.25},"point_estimate":5275195.486111111,"standard_error":189453.4287260402},"MedianAbsDev":{"confidence_interval":{"confidence_level":0.95,"lower_bound":9999.705378025239,"upper_bound":899138.7125787623},"point_estimate":122608.29678160089,"standard_error":238070.67494105708},"Slope":{"confidence_interval":{"confidence_level":0.95,"lower_bound":5224657.627584515,"upper_bound":5457947.926093514},"point_estimate":5324082.7272727275,"standard_error":60447.148311584446},"StdDev":{"confidence_interval":{"confidence_level":0.95,"lower_bound":106674.12453989929,"upper_bound":1150781.0959146195},"point_estimate":804906.1499518683,"standard_error":287882.8385886297}}