{"Mean":{"confidence_interval":{"confidence_level":0.95,"lower_bound":3057526.0552469143,"upper_bound":3709863.432098766},"point_estimate":3358176.043209876,"standard_error":167559.99272484134},"Median":{"confidence_interval":{"confidence_level":0.95,"lower_bound":2929664.814814815,"upper_bound":3719788.888888889},"point_estimate":3109704.1666666665,"standard_error":248063.93255396187},"MedianAbsDev":{"confidence_interval":{"confidence_level":0.95,"lower_bound":50127.66605450073,"upper_bound":995715.5151002936},"point_estimate":342467.0034199952,"standard_error":249090.98036535564},"Slope":{"confidence_interval":{"confidence_level":0.95,"lower_bound":2926390.637190145,"upper_bound":3330276.3157894737},"point_estimate":3048453.1024531024,"standard_error":106106.27448778531},"StdDev":{"confidence_interval":{"confidence_level":0.95,"lower_bound":258611.53028888328,"upper_bound":743597.6465580888},"point_estimate":559082.4499181884,"standard_error":133051.95117549915}}