{"Mean":{"confidence_interval":{"confidence_level":0.95,"lower_bound":102027.48916657013,"upper_bound":102190.58199513382},"point_estimate":102117.41130976519,"standard_error":42.078373893339545},"Median":{"confidence_interval":{"confidence_level":0.95,"lower_bound":102033.55187695517,"upper_bound":102218.9660634631},"point_estimate":102159.22717288457,"standard_error":44.864313747442},"MedianAbsDev":{"confidence_interval":{"confidence_level":0.95,"lower_bound":19.22864400168588,"upper_bound":204.01707427942947},"point_estimate":87.23134867031239,"standard_error":48.7755728869365},"Slope":{"confidence_interval":{"confidence_level":0.95,"lower_bound":102083.9643532368,"upper_bound":102214.84531445845},"point_estimate":102168.15824248744,"standard_error":33.68272090250159},"StdDev":{"confidence_interval":{"confidence_level":0.95,"lower_bound":45.88872133671436,"upper_bound":188.9765065059749},"point_estimate":140.11427987033431,"standard_error":38.81574556308455}}