{"Mean":{"confidence_interval":{"confidence_level":0.95,"lower_bound":268056.5584415585,"upper_bound":299480.1325757576},"point_estimate":281927.2991135848,"standard_error":8069.381156952376},"Median":{"confidence_interval":{"confidence_level":0.95,"lower_bound":265267.2844516594,"upper_bound":299192.42424242425},"point_estimate":270224.3912337662,"standard_error":7455.8796632566955},"MedianAbsDev":{"confidence_interval":{"confidence_level":0.95,"lower_bound":2249.5994297585667,"upper_bound":38016.815688702976},"point_estimate":8590.931048779188,"standard_error":7920.297481229592},"Slope":{"confidence_interval":{"confidence_level":0.95,"lower_bound":268536.4194576513,"upper_bound":301688.0814952243},"point_estimate":281993.0502614269,"standard_error":8176.215179663168},"StdDev":{"confidence_interval":{"confidence_level":0.95,"lower_bound":4554.543483839828,"upper_bound":34662.17349436471},"point_estimate":26976.445489187583,"standard_error":7886.602987987583}}