{"Mean":{"confidence_interval":{"confidence_level":0.95,"lower_bound":5431249.64775,"upper_bound":5465612.314027083},"point_estimate":5445156.8237499995,"standard_error":9166.083508210882},"Median":{"confidence_interval":{"confidence_level":0.95,"lower_bound":5427043.716666667,"upper_bound":5450040.41875},"point_estimate":5438271.76,"standard_error":5859.460143189739},"MedianAbsDev":{"confidence_interval":{"confidence_level":0.95,"lower_bound":2290.6663793323582,"upper_bound":26421.163942180297},"point_estimate":13252.049365728762,"standard_error":6689.181546129807},"Slope":{"confidence_interval":{"confidence_level":0.95,"lower_bound":5434917.037301141,"upper_bound":5495817.755433113},"point_estimate":5462973.631428571,"standard_error":17736.71630306463},"StdDev":{"confidence_interval":{"confidence_level":0.95,"lower_bound":6988.618318530638,"upper_bound":45650.08190787929},"point_estimate":30511.971311708145,"standard_error":12316.413713422322}}