{"Mean":{"confidence_interval":{"confidence_level":0.95,"lower_bound":51771.40598172558,"upper_bound":52130.169297572684},"point_estimate":51932.288719079006,"standard_error":92.58360152683932},"Median":{"confidence_interval":{"confidence_level":0.95,"lower_bound":51704.36648691831,"upper_bound":52085.38638406231},"point_estimate":51889.45260635111,"standard_error":81.41938060078463},"MedianAbsDev":{"confidence_interval":{"confidence_level":0.95,"lower_bound":19.895843175833587,"upper_bound":457.4578134453107},"point_estimate":197.98237937306686,"standard_error":115.76130374489786},"Slope":{"confidence_interval":{"confidence_level":0.95,"lower_bound":51723.85334105423,"upper_bound":52170.20050591095},"point_estimate":51905.5221106036,"standard_error":115.12465650501093},"StdDev":{"confidence_interval":{"confidence_level":0.95,"lower_bound":111.89581883993434,"upper_bound":422.38832834292253},"point_estimate":308.537386843378,"standard_error":86.47244117713356}}