{"Mean":{"confidence_interval":{"confidence_level":0.95,"lower_bound":1017643.4810496988,"upper_bound":1024983.456686747},"point_estimate":1020621.0496299485,"standard_error":2017.73945979354},"Median":{"confidence_interval":{"confidence_level":0.95,"lower_bound":1017520.2554216868,"upper_bound":1021876.1907630522},"point_estimate":1018035.6762048192,"standard_error":1013.6548176849778},"MedianAbsDev":{"confidence_interval":{"confidence_level":0.95,"lower_bound":290.19884936598476,"upper_bound":5563.367087977526},"point_estimate":881.421016460012,"standard_error":1287.260970009805},"Slope":{"confidence_interval":{"confidence_level":0.95,"lower_bound":1017332.2291687019,"upper_bound":1023310.0874137069},"point_estimate":1019032.6150211234,"standard_error":1641.0263326482896},"StdDev":{"confidence_interval":{"confidence_level":0.95,"lower_bound":521.9845218182707,"upper_bound":9989.861388830406},"point_estimate":6744.389336880319,"standard_error":2829.1044662541753}}