{"Mean":{"confidence_interval":{"confidence_level":0.95,"lower_bound":521615.2283838384,"upper_bound":524449.373495671},"point_estimate":522861.57194444456,"standard_error":733.325873611297},"Median":{"confidence_interval":{"confidence_level":0.95,"lower_bound":521179.08847402595,"upper_bound":523879.95725108223},"point_estimate":522422.75681818184,"standard_error":698.0906785104273},"MedianAbsDev":{"confidence_interval":{"confidence_level":0.95,"lower_bound":246.64430471211904,"upper_bound":3124.7948547510896},"point_estimate":1699.6050617956764,"standard_error":765.6529826477621},"Slope":{"confidence_interval":{"confidence_level":0.95,"lower_bound":521463.7250316632,"upper_bound":525307.4197044335},"point_estimate":523163.8992747512,"standard_error":975.6745795922491},"StdDev":{"confidence_interval":{"confidence_level":0.95,"lower_bound":850.9097033845932,"upper_bound":3458.066401415082},"point_estimate":2439.5526811609125,"standard_error":760.6945962588786}}